image,predicted_class
test_image_1159.jpg,Rock
test_image_588.jpg,Rock
test_image_1165.jpg,Paper
test_image_1171.jpg,Scissors
test_image_239.jpg,Paper
test_image_563.jpg,Paper
test_image_205.jpg,Rock
test_image_211.jpg,Paper
test_image_577.jpg,Rock
test_image_946.jpg,Paper
test_image_952.jpg,Paper
test_image_985.jpg,Scissors
test_image_749.jpg,Rock
test_image_991.jpg,Rock
test_image_761.jpg,Paper
test_image_775.jpg,Scissors
test_image_52.jpg,Rock
test_image_832.jpg,Paper
test_image_826.jpg,Scissors
test_image_198.jpg,Scissors
test_image_46.jpg,Rock
test_image_1213.jpg,Scissors
test_image_1207.jpg,Rock
test_image_91.jpg,Scissors
test_image_629.jpg,Rock
test_image_85.jpg,Paper
test_image_173.jpg,Scissors
test_image_615.jpg,Rock
test_image_601.jpg,Scissors
test_image_167.jpg,Paper
test_image_1039.jpg,Scissors
test_image_1011.jpg,Rock
test_image_1005.jpg,Scissors
test_image_359.jpg,Paper
test_image_417.jpg,Paper
test_image_371.jpg,Rock
test_image_365.jpg,Scissors
test_image_403.jpg,Scissors
test_image_364.jpg,Paper
test_image_402.jpg,Rock
test_image_416.jpg,Rock
test_image_370.jpg,Paper
test_image_358.jpg,Scissors
test_image_1004.jpg,Scissors
test_image_1010.jpg,Rock
test_image_1038.jpg,Scissors
test_image_600.jpg,Scissors
test_image_166.jpg,Scissors
test_image_172.jpg,Paper
test_image_614.jpg,Paper
test_image_84.jpg,Rock
test_image_90.jpg,Paper
test_image_628.jpg,Scissors
test_image_1206.jpg,Rock
test_image_1212.jpg,Rock
test_image_827.jpg,Rock
test_image_47.jpg,Scissors
test_image_199.jpg,Paper
test_image_53.jpg,Scissors
test_image_833.jpg,Rock
test_image_774.jpg,Paper
test_image_760.jpg,Scissors
test_image_990.jpg,Scissors
test_image_748.jpg,Rock
test_image_984.jpg,Scissors
test_image_953.jpg,Scissors
test_image_947.jpg,Scissors
test_image_210.jpg,Paper
test_image_576.jpg,Scissors
test_image_562.jpg,Rock
test_image_204.jpg,Rock
test_image_238.jpg,Rock
test_image_1170.jpg,Paper
test_image_1164.jpg,Paper
test_image_589.jpg,Rock
test_image_1158.jpg,Rock
test_image_1172.jpg,Paper
test_image_1166.jpg,Paper
test_image_548.jpg,Paper
test_image_1199.jpg,Scissors
test_image_574.jpg,Scissors
test_image_212.jpg,Scissors
test_image_206.jpg,Scissors
test_image_560.jpg,Rock
test_image_951.jpg,Rock
test_image_789.jpg,Scissors
test_image_9.jpg,Scissors
test_image_945.jpg,Paper
test_image_979.jpg,Rock
test_image_992.jpg,Scissors
test_image_986.jpg,Rock
test_image_776.jpg,Scissors
test_image_762.jpg,Paper
test_image_1238.jpg,Paper
test_image_45.jpg,Rock
test_image_825.jpg,Rock
test_image_831.jpg,Paper
test_image_51.jpg,Scissors
test_image_1204.jpg,Paper
test_image_79.jpg,Scissors
test_image_819.jpg,Paper
test_image_1210.jpg,Rock
test_image_158.jpg,Paper
test_image_86.jpg,Rock
test_image_92.jpg,Scissors
test_image_164.jpg,Rock
test_image_602.jpg,Scissors
test_image_616.jpg,Paper
test_image_170.jpg,Scissors
test_image_399.jpg,Scissors
test_image_1006.jpg,Paper
test_image_1012.jpg,Paper
test_image_428.jpg,Paper
test_image_400.jpg,Paper
test_image_366.jpg,Rock
test_image_372.jpg,Rock
test_image_414.jpg,Paper
test_image_373.jpg,Rock
test_image_415.jpg,Rock
test_image_401.jpg,Scissors
test_image_367.jpg,Paper
test_image_429.jpg,Paper
test_image_1013.jpg,Scissors
test_image_1007.jpg,Paper
test_image_398.jpg,Paper
test_image_617.jpg,Paper
test_image_171.jpg,Rock
test_image_165.jpg,Scissors
test_image_603.jpg,Scissors
test_image_93.jpg,Paper
test_image_87.jpg,Rock
test_image_159.jpg,Rock
test_image_1211.jpg,Rock
test_image_78.jpg,Rock
test_image_1205.jpg,Scissors
test_image_818.jpg,Scissors
test_image_830.jpg,Paper
test_image_50.jpg,Scissors
test_image_44.jpg,Paper
test_image_1239.jpg,Scissors
test_image_824.jpg,Rock
test_image_763.jpg,Scissors
test_image_777.jpg,Rock
test_image_987.jpg,Rock
test_image_993.jpg,Scissors
test_image_978.jpg,Scissors
test_image_944.jpg,Paper
test_image_8.jpg,Scissors
test_image_788.jpg,Scissors
test_image_950.jpg,Paper
test_image_207.jpg,Scissors
test_image_561.jpg,Scissors
test_image_575.jpg,Rock
test_image_213.jpg,Paper
test_image_1198.jpg,Rock
test_image_549.jpg,Paper
test_image_1167.jpg,Scissors
test_image_1173.jpg,Rock
test_image_1177.jpg,Rock
test_image_1163.jpg,Scissors
test_image_217.jpg,Paper
test_image_571.jpg,Paper
test_image_565.jpg,Rock
test_image_203.jpg,Scissors
test_image_1188.jpg,Scissors
test_image_559.jpg,Paper
test_image_968.jpg,Rock
test_image_954.jpg,Rock
test_image_1349.jpg,Rock
test_image_940.jpg,Rock
test_image_798.jpg,Scissors
test_image_773.jpg,Scissors
test_image_767.jpg,Scissors
test_image_997.jpg,Rock
test_image_983.jpg,Rock
test_image_1201.jpg,Paper
test_image_68.jpg,Scissors
test_image_1215.jpg,Scissors
test_image_808.jpg,Scissors
test_image_820.jpg,Rock
test_image_40.jpg,Paper
test_image_54.jpg,Scissors
test_image_1229.jpg,Paper
test_image_834.jpg,Rock
test_image_607.jpg,Scissors
test_image_161.jpg,Rock
test_image_175.jpg,Paper
test_image_613.jpg,Scissors
test_image_83.jpg,Rock
test_image_97.jpg,Rock
test_image_149.jpg,Scissors
test_image_1003.jpg,Rock
test_image_1017.jpg,Paper
test_image_388.jpg,Scissors
test_image_363.jpg,Paper
test_image_405.jpg,Rock
test_image_411.jpg,Rock
test_image_377.jpg,Scissors
test_image_439.jpg,Scissors
test_image_438.jpg,Rock
test_image_410.jpg,Rock
test_image_376.jpg,Rock
test_image_362.jpg,Paper
test_image_404.jpg,Paper
test_image_389.jpg,Paper
test_image_1016.jpg,Paper
test_image_1002.jpg,Scissors
test_image_148.jpg,Scissors
test_image_96.jpg,Scissors
test_image_82.jpg,Rock
test_image_174.jpg,Paper
test_image_612.jpg,Paper
test_image_606.jpg,Rock
test_image_160.jpg,Paper
test_image_1228.jpg,Scissors
test_image_55.jpg,Paper
test_image_835.jpg,Scissors
test_image_821.jpg,Paper
test_image_41.jpg,Paper
test_image_1214.jpg,Paper
test_image_69.jpg,Paper
test_image_809.jpg,Scissors
test_image_1200.jpg,Rock
test_image_982.jpg,Paper
test_image_996.jpg,Paper
test_image_766.jpg,Rock
test_image_772.jpg,Scissors
test_image_799.jpg,Rock
test_image_941.jpg,Scissors
test_image_955.jpg,Rock
test_image_1348.jpg,Rock
test_image_969.jpg,Rock
test_image_558.jpg,Rock
test_image_1189.jpg,Paper
test_image_564.jpg,Paper
test_image_202.jpg,Paper
test_image_216.jpg,Rock
test_image_570.jpg,Paper
test_image_1162.jpg,Paper
test_image_1176.jpg,Scissors
test_image_1160.jpg,Scissors
test_image_1174.jpg,Paper
test_image_599.jpg,Scissors
test_image_1148.jpg,Rock
test_image_200.jpg,Rock
test_image_566.jpg,Paper
test_image_572.jpg,Paper
test_image_214.jpg,Rock
test_image_228.jpg,Paper
test_image_943.jpg,Paper
test_image_957.jpg,Rock
test_image_764.jpg,Paper
test_image_770.jpg,Paper
test_image_758.jpg,Rock
test_image_980.jpg,Scissors
test_image_994.jpg,Paper
test_image_1216.jpg,Rock
test_image_1202.jpg,Rock
test_image_837.jpg,Paper
test_image_57.jpg,Paper
test_image_189.jpg,Rock
test_image_43.jpg,Scissors
test_image_823.jpg,Rock
test_image_610.jpg,Rock
test_image_176.jpg,Scissors
test_image_162.jpg,Paper
test_image_604.jpg,Rock
test_image_94.jpg,Rock
test_image_80.jpg,Rock
test_image_638.jpg,Rock
test_image_1014.jpg,Rock
test_image_1000.jpg,Rock
test_image_1028.jpg,Rock
test_image_374.jpg,Rock
test_image_412.jpg,Scissors
test_image_406.jpg,Rock
test_image_360.jpg,Scissors
test_image_348.jpg,Scissors
test_image_349.jpg,Rock
test_image_407.jpg,Rock
test_image_361.jpg,Scissors
test_image_375.jpg,Paper
test_image_413.jpg,Rock
test_image_1029.jpg,Paper
test_image_1001.jpg,Scissors
test_image_1015.jpg,Scissors
test_image_81.jpg,Paper
test_image_639.jpg,Rock
test_image_95.jpg,Paper
test_image_163.jpg,Scissors
test_image_605.jpg,Paper
test_image_611.jpg,Rock
test_image_177.jpg,Paper
test_image_42.jpg,Rock
test_image_822.jpg,Paper
test_image_836.jpg,Paper
test_image_188.jpg,Paper
test_image_56.jpg,Paper
test_image_1203.jpg,Rock
test_image_1217.jpg,Scissors
test_image_995.jpg,Paper
test_image_981.jpg,Rock
test_image_759.jpg,Paper
test_image_771.jpg,Rock
test_image_765.jpg,Paper
test_image_956.jpg,Paper
test_image_942.jpg,Scissors
test_image_229.jpg,Paper
test_image_573.jpg,Rock
test_image_215.jpg,Paper
test_image_201.jpg,Rock
test_image_567.jpg,Paper
test_image_1149.jpg,Scissors
test_image_598.jpg,Rock
test_image_1175.jpg,Scissors
test_image_1161.jpg,Scissors
test_image_299.jpg,Rock
test_image_1106.jpg,Scissors
test_image_1112.jpg,Paper
test_image_528.jpg,Paper
test_image_266.jpg,Paper
test_image_500.jpg,Paper
test_image_514.jpg,Paper
test_image_272.jpg,Paper
test_image_925.jpg,Scissors
test_image_1338.jpg,Scissors
test_image_931.jpg,Rock
test_image_919.jpg,Rock
test_image_1304.jpg,Scissors
test_image_1310.jpg,Rock
test_image_702.jpg,Rock
test_image_716.jpg,Rock
test_image_689.jpg,Rock
test_image_851.jpg,Paper
test_image_31.jpg,Scissors
test_image_1258.jpg,Paper
test_image_25.jpg,Paper
test_image_845.jpg,Scissors
test_image_1270.jpg,Scissors
test_image_1264.jpg,Paper
test_image_19.jpg,Rock
test_image_879.jpg,Rock
test_image_892.jpg,Scissors
test_image_138.jpg,Paper
test_image_886.jpg,Paper
test_image_676.jpg,Paper
test_image_110.jpg,Scissors
test_image_104.jpg,Scissors
test_image_662.jpg,Scissors
test_image_1072.jpg,Paper
test_image_1066.jpg,Scissors
test_image_448.jpg,Scissors
test_image_1099.jpg,Scissors
test_image_312.jpg,Rock
test_image_474.jpg,Rock
test_image_460.jpg,Paper
test_image_306.jpg,Scissors
test_image_461.jpg,Paper
test_image_307.jpg,Paper
test_image_313.jpg,Scissors
test_image_475.jpg,Paper
test_image_1098.jpg,Scissors
test_image_449.jpg,Rock
test_image_1067.jpg,Paper
test_image_1073.jpg,Rock
test_image_105.jpg,Rock
test_image_663.jpg,Rock
test_image_677.jpg,Scissors
test_image_111.jpg,Rock
test_image_139.jpg,Scissors
test_image_887.jpg,Paper
test_image_893.jpg,Scissors
test_image_18.jpg,Rock
test_image_1265.jpg,Scissors
test_image_878.jpg,Scissors
test_image_1271.jpg,Rock
test_image_24.jpg,Scissors
test_image_1259.jpg,Paper
test_image_844.jpg,Scissors
test_image_850.jpg,Scissors
test_image_688.jpg,Paper
test_image_30.jpg,Scissors
test_image_717.jpg,Scissors
test_image_703.jpg,Rock
test_image_1311.jpg,Paper
test_image_918.jpg,Paper
test_image_1305.jpg,Rock
test_image_930.jpg,Rock
test_image_924.jpg,Rock
test_image_1339.jpg,Scissors
test_image_515.jpg,Paper
test_image_273.jpg,Scissors
test_image_267.jpg,Scissors
test_image_501.jpg,Paper
test_image_529.jpg,Paper
test_image_1113.jpg,Rock
test_image_1107.jpg,Rock
test_image_298.jpg,Rock
test_image_1139.jpg,Scissors
test_image_1111.jpg,Scissors
test_image_1105.jpg,Rock
test_image_259.jpg,Paper
test_image_271.jpg,Paper
test_image_517.jpg,Paper
test_image_503.jpg,Paper
test_image_265.jpg,Rock
test_image_932.jpg,Paper
test_image_926.jpg,Paper
test_image_1313.jpg,Paper
test_image_1307.jpg,Scissors
test_image_729.jpg,Rock
test_image_715.jpg,Paper
test_image_701.jpg,Scissors
test_image_846.jpg,Paper
test_image_26.jpg,Rock
test_image_32.jpg,Paper
test_image_852.jpg,Scissors
test_image_1267.jpg,Scissors
test_image_1273.jpg,Rock
test_image_885.jpg,Rock
test_image_1298.jpg,Paper
test_image_891.jpg,Rock
test_image_649.jpg,Scissors
test_image_661.jpg,Scissors
test_image_107.jpg,Scissors
test_image_113.jpg,Rock
test_image_675.jpg,Paper
test_image_1059.jpg,Rock
test_image_488.jpg,Paper
test_image_1065.jpg,Paper
test_image_1071.jpg,Rock
test_image_339.jpg,Scissors
test_image_305.jpg,Rock
test_image_463.jpg,Rock
test_image_477.jpg,Scissors
test_image_311.jpg,Paper
test_image_476.jpg,Paper
test_image_310.jpg,Scissors
test_image_304.jpg,Paper
test_image_462.jpg,Rock
test_image_338.jpg,Paper
test_image_1070.jpg,Rock
test_image_1064.jpg,Paper
test_image_489.jpg,Rock
test_image_1058.jpg,Paper
test_image_112.jpg,Paper
test_image_674.jpg,Scissors
test_image_660.jpg,Paper
test_image_106.jpg,Rock
test_image_648.jpg,Scissors
test_image_890.jpg,Rock
test_image_884.jpg,Scissors
test_image_1299.jpg,Rock
test_image_1272.jpg,Paper
test_image_1266.jpg,Rock
test_image_33.jpg,Scissors
test_image_853.jpg,Paper
test_image_847.jpg,Scissors
test_image_27.jpg,Paper
test_image_700.jpg,Paper
test_image_714.jpg,Rock
test_image_728.jpg,Scissors
test_image_1306.jpg,Rock
test_image_1312.jpg,Paper
test_image_927.jpg,Paper
test_image_933.jpg,Rock
test_image_502.jpg,Scissors
test_image_264.jpg,Rock
test_image_270.jpg,Rock
test_image_516.jpg,Paper
test_image_258.jpg,Scissors
test_image_1104.jpg,Paper
test_image_1110.jpg,Scissors
test_image_1138.jpg,Paper
test_image_1114.jpg,Rock
test_image_1100.jpg,Rock
test_image_1128.jpg,Rock
test_image_512.jpg,Paper
test_image_274.jpg,Scissors
test_image_260.jpg,Rock
test_image_506.jpg,Rock
test_image_248.jpg,Rock
test_image_1316.jpg,Rock
test_image_1302.jpg,Paper
test_image_937.jpg,Scissors
test_image_923.jpg,Rock
test_image_710.jpg,Rock
test_image_704.jpg,Scissors
test_image_738.jpg,Rock
test_image_1262.jpg,Rock
test_image_1276.jpg,Paper
test_image_23.jpg,Scissors
test_image_843.jpg,Scissors
test_image_857.jpg,Rock
test_image_37.jpg,Rock
test_image_102.jpg,Scissors
test_image_664.jpg,Scissors
test_image_670.jpg,Scissors
test_image_116.jpg,Scissors
test_image_880.jpg,Paper
test_image_658.jpg,Paper
test_image_894.jpg,Paper
test_image_1289.jpg,Scissors
test_image_1060.jpg,Paper
test_image_1074.jpg,Scissors
test_image_499.jpg,Rock
test_image_1048.jpg,Rock
test_image_466.jpg,Paper
test_image_300.jpg,Paper
test_image_314.jpg,Paper
test_image_472.jpg,Scissors
test_image_328.jpg,Paper
test_image_329.jpg,Scissors
test_image_315.jpg,Scissors
test_image_473.jpg,Paper
test_image_467.jpg,Rock
test_image_301.jpg,Paper
test_image_1049.jpg,Rock
test_image_498.jpg,Scissors
test_image_1075.jpg,Rock
test_image_1061.jpg,Rock
test_image_895.jpg,Paper
test_image_1288.jpg,Scissors
test_image_659.jpg,Scissors
test_image_881.jpg,Rock
test_image_671.jpg,Paper
test_image_117.jpg,Scissors
test_image_103.jpg,Rock
test_image_665.jpg,Scissors
test_image_856.jpg,Rock
test_image_36.jpg,Rock
test_image_22.jpg,Scissors
test_image_842.jpg,Scissors
test_image_1277.jpg,Rock
test_image_1263.jpg,Rock
test_image_739.jpg,Scissors
test_image_705.jpg,Rock
test_image_711.jpg,Paper
test_image_922.jpg,Rock
test_image_936.jpg,Paper
test_image_1303.jpg,Rock
test_image_1317.jpg,Scissors
test_image_249.jpg,Rock
test_image_261.jpg,Paper
test_image_507.jpg,Scissors
test_image_513.jpg,Paper
test_image_275.jpg,Paper
test_image_1129.jpg,Paper
test_image_1101.jpg,Scissors
test_image_1115.jpg,Rock
test_image_1103.jpg,Scissors
test_image_1117.jpg,Paper
test_image_288.jpg,Paper
test_image_505.jpg,Rock
test_image_263.jpg,Paper
test_image_277.jpg,Scissors
test_image_511.jpg,Paper
test_image_539.jpg,Paper
test_image_1301.jpg,Scissors
test_image_908.jpg,Scissors
test_image_1315.jpg,Scissors
test_image_920.jpg,Rock
test_image_934.jpg,Paper
test_image_1329.jpg,Scissors
test_image_707.jpg,Paper
test_image_713.jpg,Rock
test_image_1275.jpg,Rock
test_image_868.jpg,Scissors
test_image_1261.jpg,Scissors
test_image_34.jpg,Scissors
test_image_1249.jpg,Paper
test_image_854.jpg,Rock
test_image_698.jpg,Scissors
test_image_840.jpg,Scissors
test_image_20.jpg,Rock
test_image_115.jpg,Scissors
test_image_673.jpg,Rock
test_image_667.jpg,Rock
test_image_101.jpg,Rock
test_image_129.jpg,Rock
test_image_897.jpg,Rock
test_image_883.jpg,Rock
test_image_1077.jpg,Scissors
test_image_1063.jpg,Paper
test_image_471.jpg,Paper
test_image_317.jpg,Paper
test_image_303.jpg,Scissors
test_image_465.jpg,Paper
test_image_1088.jpg,Scissors
test_image_459.jpg,Scissors
test_image_458.jpg,Scissors
test_image_1089.jpg,Paper
test_image_302.jpg,Paper
test_image_464.jpg,Rock
test_image_470.jpg,Paper
test_image_316.jpg,Rock
test_image_1062.jpg,Rock
test_image_1076.jpg,Paper
test_image_882.jpg,Scissors
test_image_128.jpg,Scissors
test_image_896.jpg,Paper
test_image_666.jpg,Rock
test_image_100.jpg,Rock
test_image_114.jpg,Rock
test_image_672.jpg,Rock
test_image_841.jpg,Rock
test_image_699.jpg,Paper
test_image_21.jpg,Rock
test_image_1248.jpg,Scissors
test_image_35.jpg,Scissors
test_image_855.jpg,Paper
test_image_1260.jpg,Scissors
test_image_1274.jpg,Rock
test_image_869.jpg,Rock
test_image_712.jpg,Paper
test_image_706.jpg,Paper
test_image_935.jpg,Paper
test_image_1328.jpg,Paper
test_image_921.jpg,Paper
test_image_909.jpg,Rock
test_image_1314.jpg,Scissors
test_image_1300.jpg,Paper
test_image_538.jpg,Scissors
test_image_276.jpg,Paper
test_image_510.jpg,Rock
test_image_504.jpg,Scissors
test_image_262.jpg,Paper
test_image_289.jpg,Rock
test_image_1116.jpg,Rock
test_image_1102.jpg,Scissors
test_image_1127.jpg,Rock
test_image_284.jpg,Rock
test_image_1133.jpg,Paper
test_image_290.jpg,Paper
test_image_509.jpg,Scissors
test_image_247.jpg,Scissors
test_image_521.jpg,Scissors
test_image_535.jpg,Paper
test_image_253.jpg,Rock
test_image_904.jpg,Rock
test_image_1319.jpg,Paper
test_image_910.jpg,Scissors
test_image_938.jpg,Rock
test_image_1325.jpg,Rock
test_image_1331.jpg,Scissors
test_image_723.jpg,Scissors
test_image_737.jpg,Scissors
test_image_870.jpg,Rock
test_image_10.jpg,Scissors
test_image_1279.jpg,Rock
test_image_864.jpg,Scissors
test_image_694.jpg,Rock
test_image_1251.jpg,Rock
test_image_1245.jpg,Scissors
test_image_38.jpg,Scissors
test_image_680.jpg,Rock
test_image_858.jpg,Rock
test_image_119.jpg,Rock
test_image_657.jpg,Paper
test_image_131.jpg,Paper
test_image_1292.jpg,Rock
test_image_125.jpg,Scissors
test_image_1286.jpg,Rock
test_image_643.jpg,Rock
test_image_1053.jpg,Paper
test_image_496.jpg,Rock
test_image_482.jpg,Scissors
test_image_1047.jpg,Scissors
test_image_469.jpg,Rock
test_image_1090.jpg,Scissors
test_image_333.jpg,Paper
test_image_455.jpg,Paper
test_image_441.jpg,Scissors
test_image_1084.jpg,Scissors
test_image_327.jpg,Scissors
test_image_440.jpg,Scissors
test_image_326.jpg,Rock
test_image_1085.jpg,Scissors
test_image_332.jpg,Rock
test_image_1091.jpg,Rock
test_image_454.jpg,Paper
test_image_468.jpg,Rock
test_image_483.jpg,Rock
test_image_1046.jpg,Paper
test_image_1052.jpg,Scissors
test_image_497.jpg,Rock
test_image_1287.jpg,Rock
test_image_124.jpg,Rock
test_image_642.jpg,Rock
test_image_656.jpg,Rock
test_image_1293.jpg,Scissors
test_image_130.jpg,Paper
test_image_118.jpg,Scissors
test_image_39.jpg,Scissors
test_image_1244.jpg,Rock
test_image_859.jpg,Paper
test_image_681.jpg,Paper
test_image_695.jpg,Rock
test_image_1250.jpg,Rock
test_image_1278.jpg,Scissors
test_image_865.jpg,Rock
test_image_871.jpg,Scissors
test_image_11.jpg,Rock
test_image_736.jpg,Rock
test_image_722.jpg,Rock
test_image_1330.jpg,Rock
test_image_939.jpg,Paper
test_image_1324.jpg,Scissors
test_image_911.jpg,Paper
test_image_905.jpg,Paper
test_image_1318.jpg,Scissors
test_image_534.jpg,Rock
test_image_252.jpg,Scissors
test_image_246.jpg,Scissors
test_image_520.jpg,Paper
test_image_508.jpg,Rock
test_image_291.jpg,Scissors
test_image_1132.jpg,Rock
test_image_285.jpg,Scissors
test_image_1126.jpg,Rock
test_image_1118.jpg,Paper
test_image_293.jpg,Rock
test_image_1130.jpg,Rock
test_image_287.jpg,Rock
test_image_1124.jpg,Rock
test_image_278.jpg,Rock
test_image_250.jpg,Paper
test_image_536.jpg,Paper
test_image_522.jpg,Rock
test_image_244.jpg,Scissors
test_image_913.jpg,Paper
test_image_907.jpg,Scissors
test_image_1332.jpg,Rock
test_image_1326.jpg,Scissors
test_image_708.jpg,Rock
test_image_734.jpg,Rock
test_image_720.jpg,Rock
test_image_867.jpg,Paper
test_image_13.jpg,Paper
test_image_873.jpg,Rock
test_image_683.jpg,Scissors
test_image_1246.jpg,Scissors
test_image_1252.jpg,Rock
test_image_697.jpg,Rock
test_image_668.jpg,Paper
test_image_898.jpg,Scissors
test_image_640.jpg,Paper
test_image_1285.jpg,Rock
test_image_126.jpg,Scissors
test_image_1291.jpg,Scissors
test_image_132.jpg,Paper
test_image_654.jpg,Scissors
test_image_1078.jpg,Rock
test_image_1044.jpg,Rock
test_image_481.jpg,Rock
test_image_495.jpg,Scissors
test_image_1050.jpg,Paper
test_image_318.jpg,Scissors
test_image_324.jpg,Rock
test_image_1087.jpg,Scissors
test_image_442.jpg,Paper
test_image_456.jpg,Rock
test_image_330.jpg,Paper
test_image_1093.jpg,Scissors
test_image_457.jpg,Scissors
test_image_1092.jpg,Rock
test_image_331.jpg,Scissors
test_image_1086.jpg,Rock
test_image_325.jpg,Scissors
test_image_443.jpg,Paper
test_image_319.jpg,Scissors
test_image_494.jpg,Rock
test_image_1051.jpg,Scissors
test_image_1045.jpg,Scissors
test_image_480.jpg,Rock
test_image_1079.jpg,Paper
test_image_133.jpg,Scissors
test_image_1290.jpg,Paper
test_image_655.jpg,Paper
test_image_641.jpg,Paper
test_image_899.jpg,Scissors
test_image_127.jpg,Rock
test_image_1284.jpg,Rock
test_image_669.jpg,Scissors
test_image_1253.jpg,Scissors
test_image_696.jpg,Scissors
test_image_682.jpg,Paper
test_image_1247.jpg,Rock
test_image_12.jpg,Scissors
test_image_872.jpg,Paper
test_image_866.jpg,Rock
test_image_721.jpg,Rock
test_image_735.jpg,Scissors
test_image_709.jpg,Scissors
test_image_1327.jpg,Rock
test_image_1333.jpg,Rock
test_image_906.jpg,Rock
test_image_912.jpg,Paper
test_image_523.jpg,Rock
test_image_245.jpg,Paper
test_image_251.jpg,Rock
test_image_537.jpg,Paper
test_image_279.jpg,Scissors
test_image_1125.jpg,Rock
test_image_286.jpg,Rock
test_image_1131.jpg,Paper
test_image_292.jpg,Paper
test_image_1119.jpg,Paper
test_image_296.jpg,Rock
test_image_1135.jpg,Rock
test_image_282.jpg,Paper
test_image_1121.jpg,Paper
test_image_1109.jpg,Paper
test_image_533.jpg,Scissors
test_image_255.jpg,Scissors
test_image_241.jpg,Rock
test_image_527.jpg,Rock
test_image_269.jpg,Scissors
test_image_1337.jpg,Rock
test_image_1323.jpg,Paper
test_image_916.jpg,Paper
test_image_902.jpg,Rock
test_image_731.jpg,Rock
test_image_725.jpg,Paper
test_image_719.jpg,Rock
test_image_1243.jpg,Rock
test_image_686.jpg,Paper
test_image_692.jpg,Scissors
test_image_1257.jpg,Paper
test_image_862.jpg,Scissors
test_image_876.jpg,Paper
test_image_16.jpg,Paper
test_image_1280.jpg,Paper
test_image_123.jpg,Rock
test_image_645.jpg,Rock
test_image_889.jpg,Paper
test_image_651.jpg,Rock
test_image_1294.jpg,Scissors
test_image_137.jpg,Rock
test_image_679.jpg,Scissors
test_image_484.jpg,Paper
test_image_1041.jpg,Paper
test_image_1055.jpg,Paper
test_image_490.jpg,Paper
test_image_1069.jpg,Paper
test_image_447.jpg,Scissors
test_image_321.jpg,Paper
test_image_1082.jpg,Paper
test_image_335.jpg,Rock
test_image_1096.jpg,Scissors
test_image_453.jpg,Paper
test_image_309.jpg,Paper
test_image_308.jpg,Paper
test_image_1097.jpg,Paper
test_image_334.jpg,Rock
test_image_452.jpg,Paper
test_image_446.jpg,Paper
test_image_1083.jpg,Paper
test_image_320.jpg,Rock
test_image_1068.jpg,Paper
test_image_1054.jpg,Rock
test_image_491.jpg,Rock
test_image_485.jpg,Scissors
test_image_1040.jpg,Rock
test_image_678.jpg,Paper
test_image_650.jpg,Paper
test_image_888.jpg,Rock
test_image_136.jpg,Paper
test_image_1295.jpg,Paper
test_image_122.jpg,Rock
test_image_1281.jpg,Rock
test_image_644.jpg,Rock
test_image_877.jpg,Rock
test_image_17.jpg,Scissors
test_image_863.jpg,Scissors
test_image_693.jpg,Paper
test_image_1256.jpg,Rock
test_image_1242.jpg,Paper
test_image_687.jpg,Rock
test_image_718.jpg,Scissors
test_image_724.jpg,Scissors
test_image_730.jpg,Rock
test_image_903.jpg,Paper
test_image_917.jpg,Paper
test_image_1322.jpg,Paper
test_image_1336.jpg,Paper
test_image_268.jpg,Scissors
test_image_240.jpg,Rock
test_image_526.jpg,Paper
test_image_532.jpg,Scissors
test_image_254.jpg,Paper
test_image_1108.jpg,Paper
test_image_1120.jpg,Scissors
test_image_283.jpg,Scissors
test_image_1134.jpg,Paper
test_image_297.jpg,Scissors
test_image_1122.jpg,Rock
test_image_281.jpg,Scissors
test_image_1136.jpg,Scissors
test_image_295.jpg,Scissors
test_image_524.jpg,Rock
test_image_242.jpg,Scissors
test_image_256.jpg,Scissors
test_image_530.jpg,Paper
test_image_518.jpg,Paper
test_image_1320.jpg,Scissors
test_image_929.jpg,Rock
test_image_1334.jpg,Paper
test_image_901.jpg,Scissors
test_image_915.jpg,Rock
test_image_1308.jpg,Scissors
test_image_726.jpg,Paper
test_image_732.jpg,Scissors
test_image_29.jpg,Paper
test_image_1254.jpg,Paper
test_image_691.jpg,Scissors
test_image_849.jpg,Scissors
test_image_685.jpg,Paper
test_image_1240.jpg,Paper
test_image_15.jpg,Scissors
test_image_1268.jpg,Scissors
test_image_875.jpg,Scissors
test_image_861.jpg,Rock
test_image_134.jpg,Rock
test_image_1297.jpg,Paper
test_image_652.jpg,Rock
test_image_646.jpg,Paper
test_image_120.jpg,Paper
test_image_1283.jpg,Scissors
test_image_108.jpg,Paper
test_image_493.jpg,Paper
test_image_1056.jpg,Rock
test_image_1042.jpg,Paper
test_image_487.jpg,Paper
test_image_450.jpg,Paper
test_image_1095.jpg,Scissors
test_image_336.jpg,Scissors
test_image_1081.jpg,Scissors
test_image_322.jpg,Rock
test_image_444.jpg,Rock
test_image_478.jpg,Rock
test_image_479.jpg,Scissors
test_image_323.jpg,Paper
test_image_1080.jpg,Paper
test_image_445.jpg,Paper
test_image_451.jpg,Scissors
test_image_337.jpg,Rock
test_image_1094.jpg,Rock
test_image_1043.jpg,Paper
test_image_486.jpg,Paper
test_image_492.jpg,Rock
test_image_1057.jpg,Scissors
test_image_109.jpg,Scissors
test_image_647.jpg,Paper
test_image_1282.jpg,Paper
test_image_121.jpg,Rock
test_image_1296.jpg,Scissors
test_image_135.jpg,Scissors
test_image_653.jpg,Scissors
test_image_860.jpg,Scissors
test_image_1269.jpg,Rock
test_image_14.jpg,Paper
test_image_874.jpg,Paper
test_image_684.jpg,Scissors
test_image_1241.jpg,Paper
test_image_1255.jpg,Rock
test_image_28.jpg,Scissors
test_image_848.jpg,Rock
test_image_690.jpg,Paper
test_image_733.jpg,Rock
test_image_727.jpg,Paper
test_image_914.jpg,Scissors
test_image_1309.jpg,Scissors
test_image_900.jpg,Scissors
test_image_928.jpg,Scissors
test_image_1335.jpg,Scissors
test_image_1321.jpg,Paper
test_image_519.jpg,Paper
test_image_257.jpg,Scissors
test_image_531.jpg,Paper
test_image_525.jpg,Scissors
test_image_243.jpg,Scissors
test_image_294.jpg,Scissors
test_image_1137.jpg,Scissors
test_image_280.jpg,Paper
test_image_1123.jpg,Rock
test_image_1178.jpg,Scissors
test_image_581.jpg,Paper
test_image_1144.jpg,Scissors
test_image_1150.jpg,Paper
test_image_595.jpg,Rock
test_image_218.jpg,Rock
test_image_542.jpg,Scissors
test_image_224.jpg,Rock
test_image_1187.jpg,Scissors
test_image_230.jpg,Scissors
test_image_1193.jpg,Rock
test_image_556.jpg,Scissors
test_image_967.jpg,Paper
test_image_973.jpg,Paper
test_image_1346.jpg,Paper
test_image_3.jpg,Rock
test_image_783.jpg,Paper
test_image_797.jpg,Scissors
test_image_768.jpg,Scissors
test_image_740.jpg,Paper
test_image_998.jpg,Paper
test_image_754.jpg,Paper
test_image_73.jpg,Paper
test_image_813.jpg,Rock
test_image_807.jpg,Paper
test_image_67.jpg,Paper
test_image_1232.jpg,Rock
test_image_191.jpg,Paper
test_image_1226.jpg,Rock
test_image_185.jpg,Rock
test_image_608.jpg,Paper
test_image_152.jpg,Paper
test_image_634.jpg,Rock
test_image_620.jpg,Rock
test_image_146.jpg,Scissors
test_image_98.jpg,Rock
test_image_1018.jpg,Paper
test_image_393.jpg,Paper
test_image_1030.jpg,Rock
test_image_387.jpg,Rock
test_image_1024.jpg,Paper
test_image_378.jpg,Rock
test_image_436.jpg,Scissors
test_image_350.jpg,Paper
test_image_344.jpg,Paper
test_image_422.jpg,Rock
test_image_345.jpg,Scissors
test_image_423.jpg,Scissors
test_image_437.jpg,Scissors
test_image_351.jpg,Scissors
test_image_379.jpg,Paper
test_image_1025.jpg,Scissors
test_image_386.jpg,Paper
test_image_1031.jpg,Rock
test_image_392.jpg,Scissors
test_image_1019.jpg,Paper
test_image_621.jpg,Scissors
test_image_99.jpg,Rock
test_image_147.jpg,Rock
test_image_153.jpg,Scissors
test_image_635.jpg,Rock
test_image_609.jpg,Scissors
test_image_184.jpg,Rock
test_image_1227.jpg,Scissors
test_image_190.jpg,Scissors
test_image_1233.jpg,Scissors
test_image_806.jpg,Rock
test_image_66.jpg,Paper
test_image_72.jpg,Rock
test_image_812.jpg,Scissors
test_image_755.jpg,Scissors
test_image_999.jpg,Rock
test_image_741.jpg,Paper
test_image_769.jpg,Paper
test_image_796.jpg,Rock
test_image_1347.jpg,Scissors
test_image_782.jpg,Rock
test_image_2.jpg,Rock
test_image_972.jpg,Paper
test_image_966.jpg,Paper
test_image_1192.jpg,Rock
test_image_231.jpg,Scissors
test_image_557.jpg,Rock
test_image_543.jpg,Rock
test_image_1186.jpg,Paper
test_image_225.jpg,Paper
test_image_219.jpg,Rock
test_image_1151.jpg,Rock
test_image_594.jpg,Paper
test_image_580.jpg,Rock
test_image_1145.jpg,Paper
test_image_1179.jpg,Rock
test_image_596.jpg,Rock
test_image_1153.jpg,Rock
test_image_1147.jpg,Paper
test_image_582.jpg,Scissors
test_image_569.jpg,Scissors
test_image_555.jpg,Rock
test_image_1190.jpg,Rock
test_image_233.jpg,Paper
test_image_1184.jpg,Rock
test_image_227.jpg,Scissors
test_image_541.jpg,Scissors
test_image_970.jpg,Rock
test_image_964.jpg,Paper
test_image_794.jpg,Paper
test_image_0.jpg,Rock
test_image_958.jpg,Rock
test_image_780.jpg,Rock
test_image_1345.jpg,Scissors
test_image_757.jpg,Paper
test_image_743.jpg,Scissors
test_image_1219.jpg,Scissors
test_image_64.jpg,Paper
test_image_804.jpg,Rock
test_image_810.jpg,Paper
test_image_70.jpg,Scissors
test_image_186.jpg,Paper
test_image_1225.jpg,Scissors
test_image_58.jpg,Rock
test_image_838.jpg,Rock
test_image_192.jpg,Scissors
test_image_1231.jpg,Scissors
test_image_179.jpg,Scissors
test_image_145.jpg,Rock
test_image_623.jpg,Rock
test_image_637.jpg,Rock
test_image_151.jpg,Paper
test_image_1027.jpg,Scissors
test_image_384.jpg,Rock
test_image_1033.jpg,Paper
test_image_390.jpg,Scissors
test_image_409.jpg,Paper
test_image_421.jpg,Scissors
test_image_347.jpg,Paper
test_image_353.jpg,Rock
test_image_435.jpg,Scissors
test_image_352.jpg,Scissors
test_image_434.jpg,Rock
test_image_420.jpg,Scissors
test_image_346.jpg,Scissors
test_image_408.jpg,Scissors
test_image_391.jpg,Paper
test_image_1032.jpg,Rock
test_image_385.jpg,Scissors
test_image_1026.jpg,Scissors
test_image_636.jpg,Rock
test_image_150.jpg,Scissors
test_image_144.jpg,Paper
test_image_622.jpg,Scissors
test_image_178.jpg,Paper
test_image_1230.jpg,Rock
test_image_193.jpg,Paper
test_image_59.jpg,Paper
test_image_1224.jpg,Rock
test_image_187.jpg,Paper
test_image_839.jpg,Rock
test_image_811.jpg,Paper
test_image_71.jpg,Scissors
test_image_65.jpg,Rock
test_image_1218.jpg,Paper
test_image_805.jpg,Scissors
test_image_742.jpg,Scissors
test_image_756.jpg,Rock
test_image_781.jpg,Rock
test_image_959.jpg,Rock
test_image_1.jpg,Scissors
test_image_1344.jpg,Rock
test_image_795.jpg,Paper
test_image_965.jpg,Scissors
test_image_971.jpg,Scissors
test_image_226.jpg,Scissors
test_image_1185.jpg,Rock
test_image_540.jpg,Scissors
test_image_554.jpg,Scissors
test_image_232.jpg,Rock
test_image_1191.jpg,Scissors
test_image_568.jpg,Paper
test_image_1146.jpg,Paper
test_image_583.jpg,Rock
test_image_597.jpg,Rock
test_image_1152.jpg,Scissors
test_image_1156.jpg,Scissors
test_image_593.jpg,Rock
test_image_587.jpg,Paper
test_image_1142.jpg,Paper
test_image_1195.jpg,Paper
test_image_236.jpg,Scissors
test_image_550.jpg,Rock
test_image_544.jpg,Scissors
test_image_1181.jpg,Paper
test_image_222.jpg,Scissors
test_image_578.jpg,Scissors
test_image_949.jpg,Paper
test_image_791.jpg,Scissors
test_image_1340.jpg,Paper
test_image_5.jpg,Rock
test_image_785.jpg,Scissors
test_image_975.jpg,Paper
test_image_961.jpg,Scissors
test_image_752.jpg,Rock
test_image_746.jpg,Scissors
test_image_183.jpg,Rock
test_image_1220.jpg,Scissors
test_image_49.jpg,Paper
test_image_197.jpg,Rock
test_image_1234.jpg,Paper
test_image_829.jpg,Rock
test_image_801.jpg,Paper
test_image_61.jpg,Scissors
test_image_75.jpg,Paper
test_image_1208.jpg,Paper
test_image_815.jpg,Paper
test_image_626.jpg,Rock
test_image_140.jpg,Scissors
test_image_154.jpg,Paper
test_image_632.jpg,Paper
test_image_168.jpg,Paper
test_image_1022.jpg,Rock
test_image_381.jpg,Rock
test_image_1036.jpg,Rock
test_image_395.jpg,Scissors
test_image_342.jpg,Paper
test_image_424.jpg,Rock
test_image_430.jpg,Paper
test_image_356.jpg,Rock
test_image_418.jpg,Rock
test_image_419.jpg,Paper
test_image_431.jpg,Paper
test_image_357.jpg,Rock
test_image_343.jpg,Paper
test_image_425.jpg,Rock
test_image_394.jpg,Paper
test_image_1037.jpg,Scissors
test_image_380.jpg,Scissors
test_image_1023.jpg,Scissors
test_image_169.jpg,Scissors
test_image_155.jpg,Rock
test_image_633.jpg,Paper
test_image_627.jpg,Scissors
test_image_141.jpg,Rock
test_image_1209.jpg,Paper
test_image_74.jpg,Rock
test_image_814.jpg,Paper
test_image_800.jpg,Rock
test_image_60.jpg,Scissors
test_image_1235.jpg,Paper
test_image_196.jpg,Scissors
test_image_48.jpg,Rock
test_image_828.jpg,Scissors
test_image_1221.jpg,Rock
test_image_182.jpg,Scissors
test_image_747.jpg,Paper
test_image_753.jpg,Scissors
test_image_960.jpg,Paper
test_image_974.jpg,Paper
test_image_1341.jpg,Scissors
test_image_784.jpg,Paper
test_image_4.jpg,Paper
test_image_790.jpg,Scissors
test_image_948.jpg,Scissors
test_image_579.jpg,Paper
test_image_545.jpg,Paper
test_image_223.jpg,Scissors
test_image_1180.jpg,Scissors
test_image_237.jpg,Scissors
test_image_1194.jpg,Rock
test_image_551.jpg,Paper
test_image_586.jpg,Rock
test_image_1143.jpg,Paper
test_image_1157.jpg,Scissors
test_image_592.jpg,Scissors
test_image_1141.jpg,Rock
test_image_584.jpg,Paper
test_image_590.jpg,Scissors
test_image_1155.jpg,Scissors
test_image_1169.jpg,Scissors
test_image_221.jpg,Scissors
test_image_1182.jpg,Paper
test_image_547.jpg,Scissors
test_image_553.jpg,Scissors
test_image_235.jpg,Scissors
test_image_1196.jpg,Rock
test_image_209.jpg,Rock
test_image_6.jpg,Rock
test_image_786.jpg,Paper
test_image_1343.jpg,Scissors
test_image_792.jpg,Rock
test_image_962.jpg,Paper
test_image_976.jpg,Paper
test_image_745.jpg,Rock
test_image_751.jpg,Paper
test_image_989.jpg,Paper
test_image_779.jpg,Paper
test_image_1237.jpg,Rock
test_image_194.jpg,Scissors
test_image_1223.jpg,Rock
test_image_180.jpg,Scissors
test_image_816.jpg,Scissors
test_image_76.jpg,Scissors
test_image_62.jpg,Paper
test_image_802.jpg,Rock
test_image_631.jpg,Paper
test_image_89.jpg,Scissors
test_image_157.jpg,Paper
test_image_143.jpg,Paper
test_image_625.jpg,Paper
test_image_619.jpg,Rock
test_image_396.jpg,Paper
test_image_1035.jpg,Paper
test_image_382.jpg,Scissors
test_image_1021.jpg,Paper
test_image_1009.jpg,Paper
test_image_355.jpg,Rock
test_image_433.jpg,Scissors
test_image_427.jpg,Scissors
test_image_341.jpg,Rock
test_image_369.jpg,Paper
test_image_368.jpg,Scissors
test_image_426.jpg,Paper
test_image_340.jpg,Paper
test_image_354.jpg,Rock
test_image_432.jpg,Rock
test_image_1008.jpg,Rock
test_image_1020.jpg,Rock
test_image_383.jpg,Scissors
test_image_1034.jpg,Scissors
test_image_397.jpg,Rock
test_image_618.jpg,Rock
test_image_142.jpg,Scissors
test_image_624.jpg,Rock
test_image_630.jpg,Paper
test_image_156.jpg,Rock
test_image_88.jpg,Paper
test_image_63.jpg,Rock
test_image_803.jpg,Paper
test_image_817.jpg,Scissors
test_image_77.jpg,Paper
test_image_181.jpg,Scissors
test_image_1222.jpg,Paper
test_image_195.jpg,Scissors
test_image_1236.jpg,Rock
test_image_778.jpg,Rock
test_image_988.jpg,Rock
test_image_750.jpg,Scissors
test_image_744.jpg,Paper
test_image_977.jpg,Paper
test_image_963.jpg,Paper
test_image_793.jpg,Rock
test_image_787.jpg,Scissors
test_image_7.jpg,Paper
test_image_1342.jpg,Rock
test_image_208.jpg,Scissors
test_image_552.jpg,Scissors
test_image_1197.jpg,Rock
test_image_234.jpg,Scissors
test_image_1183.jpg,Scissors
test_image_220.jpg,Scissors
test_image_546.jpg,Rock
test_image_1168.jpg,Paper
test_image_591.jpg,Rock
test_image_1154.jpg,Paper
test_image_1140.jpg,Paper
test_image_585.jpg,Rock
